patient_id,treatment,outcome,age,gender,blood_pressure,cholesterol
1,0,0.5,65,Male,120,200
2,1,0.8,72,Female,130,220
3,0,0.3,58,Male,115,180
4,1,0.9,69,Female,135,230
5,0,0.4,61,Male,118,190
6,1,0.7,75,Female,140,240
7,0,0.6,63,Male,122,195
8,1,0.8,70,Female,128,210
9,0,0.5,67,Male,125,205
10,1,0.9,73,Female,132,225
11,0,0.4,59,Male,117,185
12,1,0.7,71,Female,129,215
13,0,0.5,64,Male,121,198
14,1,0.8,68,Female,127,208
15,0,0.3,60,Male,116,182
16,1,0.9,74,Female,138,235
17,0,0.6,66,Male,124,203
18,1,0.7,76,Female,142,245
19,0,0.4,62,Male,119,192
20,1,0.8,77,Female,145,250